Year,Cost_Tsh_per_kg,Rainfall_mm,Total_Production_MT,Mbeya_Population
2018,429,1896,673794,2728845
2015,594,1993,603605,2718106
2024,638,1965,804975,2750450
2022,596,2169,782887,2743230
2019,393,1772,622464,2732434
2024,591,1181,741382,2750450
2016,469,1859,669821,2721681
2018,666,1439,715809,2728845
2021,636,1488,717653,2739626
2014,506,1934,685935,2714536
2018,548,2195,652974,2728845
2022,494,1708,658567,2743230
2022,593,1823,645028,2743230
2019,695,2380,650090,2732434
2016,501,1796,695969,2721681
2015,650,2740,657054,2718106
2019,546,1926,740923,2732434
2019,520,995,789234,2732434
2014,589,2001,665196,2714536
2017,496,1852,714364,2725261
2016,544,2215,729981,2721681
2013,480,1969,728320,2710970
2019,796,1644,704557,2732434
2023,603,1210,744560,2746837
2025,530,1616,728934,2754068
2017,621,1359,625740,2725261
2013,588,1467,752149,2710970
2023,577,1935,753237,2746837
2016,661,2367,654202,2721681
2012,675,1857,702276,2707410
2023,546,1221,740999,2746837
2021,542,1877,687441,2739626
2017,572,2178,764378,2725261
2024,369,1456,841832,2750450
2023,448,1646,652840,2746837
2020,736,1705,617137,2736028
2012,764,1386,718229,2707410
2022,575,1959,743293,2743230
2022,657,1651,686148,2743230
2021,631,1867,787195,2739626
2023,907,1345,619683,2746837
2023,711,1525,741575,2746837
2025,587,1988,663648,2754068
2025,504,1550,803162,2754068
2025,439,2390,819550,2754068
2014,620,1540,654000,2714536
2023,524,1789,667026,2746837
2018,457,2073,751575,2728845
2015,535,1132,676772,2718106
2020,491,995,697275,2736028
2014,768,1089,701523,2714536
2016,688,2205,584819,2721681
2014,599,1479,699169,2714536
2018,747,2723,658616,2728845
2016,607,1474,670412,2721681
2020,513,1773,786617,2736028
2018,752,2316,624609,2728845
2013,653,2502,748792,2710970
2015,496,2524,683262,2718106
2020,580,2183,683214,2736028
2023,512,2109,747422,2746837
2025,461,1937,720403,2754068
2013,692,2011,734236,2710970
2021,790,1479,758091,2739626
2020,460,1372,680121,2736028
2021,656,1698,663265,2739626
2016,534,1631,634890,2721681
2013,551,1518,650475,2710970
2015,540,1978,876945,2718106
2023,513,2082,774680,2746837
2023,604,1735,618935,2746837
2018,516,2291,620652,2728845
2023,627,1243,728911,2746837
2024,594,1622,732835,2750450
2019,576,1413,732933,2732434
2014,509,953,684702,2714536
2025,542,1666,692472,2754068
2012,675,1651,719672,2707410
2015,650,2305,705153,2718106
2013,502,1952,566841,2710970
2019,609,1290,686212,2732434
2015,675,2441,648915,2718106
2013,433,2188,710512,2710970
2025,654,1932,879115,2754068
2017,533,1609,722048,2725261
2017,657,1316,681188,2725261
2021,523,1551,755308,2739626
2015,419,2135,728961,2718106
2017,437,2453,725205,2725261
2024,604,2317,736411,2750450
2013,625,1504,823392,2710970
2021,509,1252,632146,2739626
2023,663,1756,728417,2746837
2013,433,992,644417,2710970
2021,593,1829,733330,2739626
2025,478,1640,644878,2754068
2015,534,1513,674957,2718106
2025,604,1062,682294,2754068
2019,513,1905,758549,2732434
2025,561,1486,755107,2754068
2018,700,1232,625256,2728845
2023,542,551,703296,2746837
2020,683,1688,657425,2736028
2025,487,2408,624489,2754068
2019,652,2364,686978,2732434
2016,744,1517,681491,2721681
2024,352,1459,845602,2750450
2013,520,1887,725977,2710970
2016,657,1300,617342,2721681
2019,579,1820,666113,2732434
2021,637,2006,761282,2739626
2020,539,2190,825306,2736028
2023,608,1659,604841,2746837
2023,584,1618,587204,2746837
2023,716,1348,812257,2746837
2024,625,1369,723376,2750450
2020,633,1609,647902,2736028
2024,558,1846,732077,2750450
2024,551,2065,541855,2750450
2012,556,1378,700202,2707410
2020,639,2297,719669,2736028
2018,557,1591,755456,2728845
2020,628,1691,639166,2736028
2019,807,1401,705141,2732434
2012,687,730,644474,2707410
2023,567,2053,715323,2746837
2019,720,1994,646279,2732434
2019,559,1587,675513,2732434
2022,396,1726,640251,2743230
2014,499,1906,739068,2714536
2012,412,1074,751507,2707410
2019,564,1488,685922,2732434
2014,601,2017,702294,2714536
2014,767,1198,613084,2714536
2012,632,1817,682019,2707410
2022,578,1157,696987,2743230
2016,682,1886,857247,2721681
2021,378,1685,633281,2739626
2018,623,1053,787850,2728845
2021,677,2165,759811,2739626
2020,452,1406,716838,2736028
2023,714,1375,805517,2746837
2018,633,1780,722326,2728845
2020,558,2159,723349,2736028
2019,663,1293,696812,2732434
2023,827,1724,773414,2746837
2013,618,1871,765788,2710970
2012,624,1977,662459,2707410
2018,554,1770,620845,2728845
2018,515,1553,687821,2728845
2025,683,1368,651997,2754068
2019,514,1734,696188,2732434
2016,607,1271,774246,2721681
2014,552,531,672561,2714536
2023,647,1874,697430,2746837
2019,633,2061,703481,2732434
2017,703,754,750905,2725261
2022,548,1296,565186,2743230
2014,573,1947,663597,2714536
2012,502,2522,712677,2707410
2014,555,1708,772004,2714536
2016,637,1408,670485,2721681
2025,675,1626,587406,2754068
2014,507,2249,737182,2714536
2012,686,1441,661878,2707410
2016,735,1380,628620,2721681
2021,641,1506,662539,2739626
2018,787,1318,688928,2728845
2025,522,1749,663715,2754068
2018,475,2349,567666,2728845
2022,422,1829,753823,2743230
2020,749,1599,776492,2736028
2021,665,1583,739091,2739626
2021,594,1074,631738,2739626
2023,627,2053,687910,2746837
2024,487,1668,699608,2750450
2014,844,1627,735927,2714536
2018,612,2977,740100,2728845
2012,610,1819,655949,2707410
2015,672,1399,704919,2718106
2024,648,1529,727436,2750450
2015,622,2159,787349,2718106
2025,520,1745,742270,2754068
2016,647,1124,747343,2721681
2018,788,2067,705029,2728845
2018,734,1432,784627,2728845
2024,759,2449,724585,2750450
2022,548,2132,648334,2743230
2024,501,1521,784202,2750450
2015,587,2212,741874,2718106
2024,605,1727,673417,2750450
2018,709,2041,671230,2728845
2022,430,1893,717794,2743230
2014,752,1361,727791,2714536
2017,584,1442,711837,2725261
2023,557,2111,718678,2746837
2013,498,1566,801997,2710970
2021,434,1538,764292,2739626
2024,682,1317,711438,2750450
2025,607,1869,756478,2754068
2020,471,2525,638048,2736028
2016,470,1272,723875,2721681
2017,566,1709,808558,2725261
2023,766,2264,686917,2746837
2023,574,1668,649141,2746837
2023,449,1880,660874,2746837
2023,575,1275,634622,2746837
2015,572,1871,652914,2718106
2025,330,1625,677769,2754068
2025,594,2094,615665,2754068
2022,576,2174,700937,2743230
2021,669,2735,754136,2739626
2018,784,1931,645534,2728845
2023,712,1830,791157,2746837
2020,573,1777,730647,2736028
2018,489,1558,761834,2728845
2025,857,1835,660529,2754068
2012,605,1581,751271,2707410
2012,601,1767,634483,2707410
2020,597,2227,753414,2736028
2022,619,1297,710310,2743230
2025,585,2155,733195,2754068
2020,542,2226,629464,2736028
2015,545,1652,646295,2718106
2024,596,851,735833,2750450
2020,545,1456,643099,2736028
2014,528,2218,727792,2714536
2018,610,1690,617971,2728845
2017,574,1300,750890,2725261
2019,750,1498,626048,2732434
2022,334,2036,733137,2743230
2020,709,1918,737537,2736028
2025,724,1604,658193,2754068
2016,392,1553,734921,2721681
2012,565,1543,715626,2707410
2014,562,1331,667669,2714536
2021,459,2346,639486,2739626
2023,522,1571,582242,2746837
2019,488,2186,720979,2732434
2022,775,2308,606111,2743230
2017,693,2099,705720,2725261
2019,727,1527,684193,2732434
2020,672,1861,740748,2736028
2015,487,1690,681877,2718106
2012,547,1338,680233,2707410
2025,648,1829,743912,2754068
2012,477,1228,720103,2707410
2021,671,2175,718969,2739626
2015,575,1514,728156,2718106
2023,562,1780,607865,2746837
2025,671,1813,745407,2754068
2018,644,1596,736748,2728845
2013,563,1934,638999,2710970
2014,715,1510,685355,2714536
2012,491,2048,697641,2707410
2016,661,1161,691930,2721681
2012,659,1750,720031,2707410
2019,569,2475,785882,2732434
2012,632,1299,764906,2707410
2022,474,1428,621266,2743230
2012,692,1905,737324,2707410
2013,581,1771,779735,2710970
2013,547,1840,723208,2710970
2023,704,1895,765458,2746837
2017,529,1953,820736,2725261
2018,459,2143,761422,2728845
2016,444,1863,714958,2721681
2012,660,1603,762705,2707410
2012,471,1969,708693,2707410
2014,775,2459,701434,2714536
2025,391,1646,678915,2754068
2013,769,1310,793804,2710970
2016,621,2142,650894,2721681
2023,590,1651,791942,2746837
2021,545,830,729991,2739626
2017,639,2038,616041,2725261
2018,596,1485,722058,2728845
2015,710,1663,573998,2718106
2018,611,1832,737530,2728845
2022,615,1776,753113,2743230
2019,563,1983,664458,2732434
2022,594,1525,707412,2743230
2012,630,1905,817249,2707410
2017,428,1596,669655,2725261
2019,465,1995,636465,2732434
2016,674,1946,788899,2721681
2015,617,1325,817755,2718106
2013,581,2134,700221,2710970
2017,601,1485,760687,2725261
2017,634,2023,780488,2725261
2022,546,1846,655450,2743230
2012,522,2435,670881,2707410
2020,619,1610,773852,2736028
2023,502,1560,801100,2746837
2022,640,1692,733772,2743230
2017,429,1578,647211,2725261
2024,702,2019,819223,2750450
2014,647,1053,668141,2714536
2015,625,1278,679891,2718106
2023,698,1272,720540,2746837
2022,766,2080,793249,2743230
2015,701,2384,751238,2718106
2014,415,1658,724891,2714536
2021,472,1632,727797,2739626
2014,537,1728,702610,2714536
2014,602,2164,733488,2714536
2015,651,1329,548226,2718106
2018,527,1795,682203,2728845
2015,618,2090,714479,2718106
2020,524,1900,630939,2736028
2012,538,1775,723179,2707410
2019,459,2100,687731,2732434
2018,507,618,805328,2728845
2013,464,1971,794381,2710970
2019,502,1438,672051,2732434
2012,705,967,690949,2707410
2022,505,1904,695563,2743230
2023,863,2249,672900,2746837
2020,649,1645,711701,2736028
2020,618,2081,654503,2736028
2013,514,2344,632163,2710970
2018,670,2225,737362,2728845
2025,542,2355,737771,2754068
2021,612,1996,651741,2739626
2014,856,1730,753721,2714536
2018,590,1059,662105,2728845
2023,714,1601,715189,2746837
2021,529,1362,749220,2739626
2020,596,2568,697983,2736028
2015,777,1629,727284,2718106
2023,537,1749,669014,2746837
2012,781,1920,688212,2707410
2013,670,1717,687648,2710970
2012,543,2378,655205,2707410
2025,663,1450,689393,2754068
2023,697,1777,607082,2746837
2016,662,1403,670530,2721681
2016,442,1171,682907,2721681
2022,527,1455,684629,2743230
2018,575,1685,685510,2728845
2020,592,1528,696294,2736028
2020,662,1423,728766,2736028
2014,617,1137,752471,2714536
2014,466,1666,661014,2714536
2014,638,1098,627807,2714536
2015,661,2004,637477,2718106
2019,655,1732,670767,2732434
2017,708,1116,678884,2725261
2019,683,1576,653800,2732434
2012,645,1399,622233,2707410
2019,592,1827,672632,2732434
2015,433,2236,710885,2718106
2022,642,949,735701,2743230
2012,620,1746,666554,2707410
2019,627,1635,675220,2732434
2015,472,1968,644398,2718106
2017,491,1785,698113,2725261
2019,705,1399,649094,2732434
2015,596,1572,734387,2718106
2025,668,1381,592848,2754068
2014,602,2130,678422,2714536
2025,602,1708,718066,2754068
2020,693,2460,711030,2736028
2014,548,1675,861582,2714536
2020,609,1416,720988,2736028
2024,553,1094,639756,2750450
2013,556,978,694272,2710970
2025,569,1066,593425,2754068
2013,622,1806,695164,2710970
2013,552,1903,650016,2710970
2017,725,1067,754923,2725261
2014,510,2058,667027,2714536
2024,581,1506,692994,2750450
2020,556,1758,661866,2736028
2015,744,2344,804331,2718106
2012,619,2058,680725,2707410
2015,703,1592,809953,2718106
2012,451,1343,748849,2707410
2025,626,839,728924,2754068
2016,688,1412,722123,2721681
2015,608,1615,723627,2718106
2019,706,1305,584339,2732434
2019,548,1647,683266,2732434
2018,740,1730,750709,2728845
2014,829,1610,697066,2714536
2012,563,1439,615688,2707410
2012,555,1767,696855,2707410
2023,745,1876,802246,2746837
2022,757,1263,774813,2743230
2014,547,2264,696279,2714536
2017,557,1660,757086,2725261
2018,571,1707,678009,2728845
2017,465,1983,597767,2725261
2025,508,1793,644532,2754068
2025,499,2081,793773,2754068
2017,523,1814,683560,2725261
2017,596,1455,685396,2725261
2024,623,1844,682009,2750450
2014,755,1242,814248,2714536
2017,500,1743,797557,2725261
2019,698,1686,833126,2732434
2022,578,1616,690457,2743230
2022,595,1648,717737,2743230
2013,667,947,609001,2710970
2016,487,1480,788616,2721681
2025,638,1737,629933,2754068
2012,616,1763,713006,2707410
2023,649,1288,634161,2746837
2012,628,2206,664667,2707410
2016,845,1353,649764,2721681
2023,536,2087,663527,2746837
2024,546,1870,667652,2750450
2014,537,1441,667103,2714536
2015,544,2410,750000,2718106
2014,536,1222,633708,2714536
2012,718,2067,713232,2707410
2012,742,2100,773077,2707410
2023,542,1431,669208,2746837
2023,516,2256,656924,2746837
2025,647,1599,686168,2754068
2024,544,1815,770783,2750450
2025,663,1804,711646,2754068
2016,620,1646,668127,2721681
2017,448,2024,729032,2725261
2014,754,2017,633862,2714536
2023,779,1000,740881,2746837
2020,538,2221,724516,2736028
2016,561,1035,681531,2721681
2019,628,2113,649684,2732434
2024,633,2150,646799,2750450
2012,665,1263,732089,2707410
2025,801,1535,773738,2754068
2016,582,1257,661761,2721681
2014,520,1614,727503,2714536
2023,462,1576,574778,2746837
2012,526,2011,664922,2707410
2015,596,2224,698136,2718106
2024,779,2258,645418,2750450
2016,548,1475,643809,2721681
2018,622,1616,659933,2728845
2012,598,1026,717531,2707410
2014,718,1377,688760,2714536
2013,852,2085,565706,2710970
2020,546,2346,572757,2736028
2021,551,1206,663588,2739626
2017,704,1463,727461,2725261
2021,668,1689,535149,2739626
2014,784,1812,670016,2714536
2019,658,1376,668425,2732434
2025,564,1869,783300,2754068
2019,659,1510,676898,2732434
2013,710,1694,722979,2710970
2017,682,1918,708475,2725261
2018,650,1702,572166,2728845
2013,706,1525,746092,2710970
2022,716,1656,712923,2743230
2021,738,1664,730496,2739626
2013,664,1551,935574,2710970
2021,583,1596,574953,2739626
2012,614,2339,803481,2707410
2019,720,1924,682753,2732434
2012,518,1581,717239,2707410
2020,636,1978,697269,2736028
2022,560,1566,674545,2743230
2017,602,2169,665810,2725261
2018,727,1847,719770,2728845
2024,619,1657,608969,2750450
2021,604,1879,745034,2739626
2018,464,1071,675028,2728845
2021,674,1249,632195,2739626
2014,664,1222,672999,2714536
2013,816,1757,775428,2710970
2020,569,2393,667879,2736028
2019,621,2592,721507,2732434
2024,624,1955,656142,2750450
2023,757,1900,745475,2746837
2021,590,979,741130,2739626
2018,627,1482,810916,2728845
2020,660,1384,689466,2736028
2015,618,1451,740119,2718106
2024,555,1632,705884,2750450
2015,619,1511,777752,2718106
2012,707,908,656870,2707410
2019,497,1999,744700,2732434
2025,613,1270,688318,2754068
2025,529,1795,696148,2754068
2023,719,2529,705505,2746837
2014,447,1332,715134,2714536
2018,544,687,693026,2728845
2023,637,1585,712882,2746837
2013,756,2140,794687,2710970
2013,593,2483,759126,2710970
2018,544,1208,752149,2728845
2017,788,1898,672667,2725261
2014,455,1513,646645,2714536
2020,380,1657,757318,2736028
2021,644,2757,752562,2739626
2025,549,1098,788360,2754068
2024,497,1801,663761,2750450
2017,670,1887,686227,2725261
2021,624,2134,601630,2739626
2021,543,1739,676451,2739626
2017,471,1823,759794,2725261
2012,687,1543,672010,2707410
2015,665,1807,738428,2718106
2021,590,1562,688569,2739626
2017,784,1948,719443,2725261
2017,492,1552,631138,2725261
2022,447,1850,705112,2743230
2023,530,1688,520531,2746837
2016,595,2150,688786,2721681
2012,624,1679,602171,2707410
2019,575,990,772359,2732434
2016,635,2204,746644,2721681
2023,474,1337,728000,2746837
2023,744,1438,791260,2746837
2023,591,1461,643065,2746837
2016,711,2249,804841,2721681
2018,634,845,755931,2728845
2015,645,2955,685806,2718106
2017,656,2122,768137,2725261
2024,644,1789,633622,2750450
2015,664,1678,650529,2718106
2025,732,1814,663484,2754068
2014,619,1908,668261,2714536
2018,670,1958,636606,2728845
2019,591,1922,773384,2732434
2015,744,1735,684468,2718106
2024,532,1621,721150,2750450
2013,780,1639,665778,2710970
2023,595,1622,590763,2746837
2021,456,2153,716203,2739626
2025,612,1937,585264,2754068
2014,531,523,695881,2714536
2012,684,1962,617901,2707410
2019,534,1777,819236,2732434
2014,555,1692,754681,2714536
2023,411,1544,706345,2746837
2021,554,2149,775822,2739626
2018,357,2079,649221,2728845
2021,441,1390,732608,2739626
2016,676,1862,711988,2721681
2021,678,1311,715841,2739626
2016,642,1148,776341,2721681
2025,503,1449,743949,2754068
2018,595,2044,717323,2728845
2020,599,2081,600706,2736028
2023,484,1905,642397,2746837
2016,750,1990,692637,2721681
2012,687,1906,705602,2707410
2021,577,1443,632187,2739626
2021,602,1872,844700,2739626
2012,620,2020,790983,2707410
2013,395,2001,736127,2710970
2025,575,2175,704322,2754068
2017,531,1983,687267,2725261
2020,499,1840,642884,2736028
2019,571,2128,704648,2732434
2024,779,1689,715465,2750450
2016,664,1347,625494,2721681
2012,542,1634,720050,2707410
2024,657,1402,690684,2750450
2018,739,1429,585531,2728845
2016,692,1642,648376,2721681
2017,605,1383,675183,2725261
2024,535,1576,813261,2750450
2018,669,942,733393,2728845
2014,639,1785,619871,2714536
2023,689,1700,729162,2746837
2021,663,1373,607161,2739626
2014,704,1963,764961,2714536
2016,546,2075,671732,2721681
2017,731,1056,694381,2725261
2020,619,1394,779547,2736028
2024,807,1392,622770,2750450
2025,531,1324,616172,2754068
2023,773,2031,664984,2746837
2016,619,1622,762302,2721681
2012,534,1594,608839,2707410
2025,551,898,530070,2754068
2025,567,1954,672930,2754068
2025,642,1204,733104,2754068
2015,652,1723,772015,2718106
2016,542,1810,672210,2721681
2023,597,2244,675314,2746837
2021,814,1176,769234,2739626
2021,772,492,587815,2739626
2016,643,1773,676688,2721681
2018,603,2420,711425,2728845
2015,612,2195,726953,2718106
2012,661,1783,669411,2707410
2025,497,1503,702066,2754068
2025,574,2022,550700,2754068
2016,433,1310,660505,2721681
2018,639,1890,727210,2728845
2021,664,1902,641062,2739626
2021,551,2124,703539,2739626
2017,757,2803,726812,2725261
2016,477,1856,679447,2721681
2015,453,1496,710227,2718106
2013,622,1689,642236,2710970
2015,704,992,687603,2718106
2021,768,1422,736612,2739626
2021,554,1536,709418,2739626
2014,707,1490,664808,2714536
2021,596,1760,713452,2739626
2012,582,1371,742876,2707410
2019,688,2148,577003,2732434
2016,665,1700,769544,2721681
2024,442,1696,679824,2750450
2015,747,1568,725529,2718106
2019,738,1762,771834,2732434
2018,537,2030,617699,2728845
2013,639,1353,657433,2710970
2012,649,1436,682687,2707410
2023,626,1578,652974,2746837
2022,544,1161,804096,2743230
2015,532,1372,648593,2718106
2019,597,1509,666667,2732434
2023,717,2049,712263,2746837
2013,654,1805,627871,2710970
2014,562,1777,676259,2714536
2023,677,2040,719047,2746837
2012,315,1645,680028,2707410
2012,714,1856,694396,2707410
2024,426,1658,668240,2750450
2014,563,1806,609131,2714536
2022,488,1466,719295,2743230
2016,470,724,805295,2721681
2023,716,1646,701104,2746837
2014,553,2269,713515,2714536
2012,634,2070,741563,2707410
2012,595,2086,623840,2707410
2019,647,2194,802150,2732434
2021,607,1735,712139,2739626
2022,471,1778,797911,2743230
2023,699,1452,656018,2746837
2024,550,1573,809083,2750450
2024,444,1946,746509,2750450
2023,557,2181,733182,2746837
2025,750,1644,714041,2754068
2013,685,1519,685088,2710970
2024,565,1700,772031,2750450
2014,565,1940,708421,2714536
2013,567,1122,581975,2710970
2014,807,781,632968,2714536
2018,638,1479,688849,2728845
2012,643,1211,718599,2707410
2021,703,1496,696604,2739626
2019,623,1640,773138,2732434
2024,574,1518,582933,2750450
2021,580,2280,708615,2739626
2021,592,1830,590921,2739626
2021,596,1820,745582,2739626
2025,672,1948,694332,2754068
2013,605,1244,725176,2710970
2014,673,2115,648167,2714536
2020,591,1669,776767,2736028
2018,607,1968,762503,2728845
2015,400,1271,735012,2718106
2021,691,1078,692228,2739626
2016,634,2027,734791,2721681
2013,699,1850,657586,2710970
2024,310,1339,751333,2750450
2022,808,1352,798968,2743230
2024,586,2150,764236,2750450
2019,710,1224,656223,2732434
2015,496,2357,721685,2718106
2020,661,1339,622411,2736028
2016,494,1955,734343,2721681
2024,537,1568,727036,2750450
2020,791,1941,587811,2736028
2015,580,1482,630292,2718106
2021,621,1634,683011,2739626
2016,687,1716,681948,2721681
2020,649,1299,627431,2736028
2019,615,1996,723338,2732434
2014,636,1494,715088,2714536
2012,840,1608,688343,2707410
2014,594,1302,654652,2714536
2015,620,675,762922,2718106
2013,705,1623,799324,2710970
2012,710,2665,670986,2707410
2018,718,2013,663269,2728845
2019,663,1692,729472,2732434
2018,485,1594,678518,2728845
2025,763,1708,691636,2754068
2016,485,1918,744379,2721681
2023,630,1227,585438,2746837
2012,524,2145,779098,2707410
2018,593,1986,704360,2728845
2024,632,1987,675310,2750450
2018,632,1875,694645,2728845
2020,642,1707,697745,2736028
2014,761,1969,596127,2714536
2020,645,1936,789696,2736028
2025,575,1558,702479,2754068
2012,696,1470,726580,2707410
2012,718,1740,757092,2707410
2025,477,2319,638730,2754068
2015,659,1204,728408,2718106
2020,670,1112,683941,2736028
2017,570,1765,750806,2725261
2024,737,1720,572366,2750450
2022,584,1769,694054,2743230
2014,612,1797,663830,2714536
2012,582,1610,725935,2707410
2015,601,2295,728202,2718106
2023,490,1059,657542,2746837
2024,455,1368,657269,2750450
2020,759,1658,693360,2736028
2014,515,1042,646201,2714536
2023,500,1629,750519,2746837
2020,384,2364,677847,2736028
2018,536,1708,525580,2728845
2023,467,1792,677510,2746837
2025,764,1195,637687,2754068
2015,700,1453,602123,2718106
2014,531,1549,625754,2714536
2021,825,1572,706564,2739626
2016,698,2212,779718,2721681
2016,567,1923,718791,2721681
2014,350,1255,663609,2714536
2023,829,1798,727354,2746837
2020,461,1899,672454,2736028
2015,435,2156,658323,2718106
2022,702,2332,630738,2743230
2016,843,1293,594890,2721681
2015,738,1375,676604,2718106
2016,656,1196,709483,2721681
2018,659,1606,694202,2728845
2020,685,1886,675041,2736028
2018,675,2094,643255,2728845
2024,628,1669,736494,2750450
2016,610,1572,620972,2721681
2021,593,1760,746561,2739626
2021,524,1365,639866,2739626
2018,571,2535,654853,2728845
2025,430,1056,611992,2754068
2021,590,1773,669915,2739626
2016,501,2509,758518,2721681
2014,489,1702,730937,2714536
2018,617,1623,758705,2728845
2024,739,1557,731328,2750450
2022,691,1627,633779,2743230
2022,442,2249,680152,2743230
2013,501,815,653188,2710970
2023,694,2313,779834,2746837
2020,501,1130,628192,2736028
2021,577,1593,753621,2739626
2021,655,1528,753577,2739626
2023,503,1935,809777,2746837
2012,610,1060,675418,2707410
2024,466,1884,742739,2750450
2017,539,2509,836899,2725261
2018,631,1154,662941,2728845
2025,440,1775,607897,2754068
2024,644,1435,587199,2750450
2019,598,1870,742762,2732434
2021,655,1707,587010,2739626
2020,622,1443,677660,2736028
2013,736,1895,726238,2710970
2022,612,2421,711110,2743230
2021,557,1623,725526,2739626
2013,612,1987,713337,2710970
2016,654,1182,776731,2721681
2024,604,1317,642861,2750450
2016,604,1888,659380,2721681
2017,529,2293,653640,2725261
2014,533,1842,749811,2714536
2019,459,1574,754023,2732434
2024,774,1699,727073,2750450
2012,475,1199,771009,2707410
2017,530,1941,629317,2725261
2015,528,2052,800033,2718106
2012,689,1519,791394,2707410
2018,570,1511,744137,2728845
2020,724,1806,806907,2736028
2024,532,1525,600602,2750450
2015,627,1673,668533,2718106
2015,516,2539,655881,2718106
2017,814,1601,743288,2725261
2023,481,1556,636991,2746837
2014,630,1440,745449,2714536
2024,663,1997,782232,2750450
2023,641,1627,741712,2746837
2017,581,1440,717025,2725261
2018,587,2228,640727,2728845
2022,604,2267,649188,2743230
2021,585,1459,774977,2739626
2021,696,953,746760,2739626
2014,821,2103,697658,2714536
2018,544,1426,674925,2728845
2025,463,2016,578451,2754068
2014,591,911,635748,2714536
2024,857,2057,814685,2750450
2024,519,1215,623172,2750450
2013,763,1992,711368,2710970
2023,767,1705,760446,2746837
2025,544,1318,624704,2754068
2021,656,1537,711082,2739626
2015,762,1974,756274,2718106
2023,562,1742,700749,2746837
2019,579,1933,872104,2732434
2024,541,2490,599884,2750450
2020,498,1074,763523,2736028
2018,535,2346,689631,2728845
2012,477,1741,746315,2707410
2014,603,1340,726478,2714536
2024,523,1167,656010,2750450
2023,623,1624,713739,2746837
2025,444,2068,588525,2754068
2020,633,1648,736194,2736028
2023,683,2304,717889,2746837
2012,400,1119,738319,2707410
2020,637,1695,763487,2736028
2019,722,1199,722057,2732434
2012,479,1845,708885,2707410
2017,767,2054,647135,2725261
2016,641,1531,657266,2721681
2017,529,658,771204,2725261
2021,594,1779,786180,2739626
2023,655,1874,685713,2746837
2024,607,1861,702760,2750450
2024,653,2194,645723,2750450
2024,507,1271,770365,2750450
2016,616,1972,739925,2721681
2017,458,2177,816473,2725261
2016,588,988,647300,2721681
2022,509,1827,677319,2743230
2023,526,1498,713886,2746837
2016,723,1667,738789,2721681
2015,709,1839,687059,2718106
2014,660,1505,647622,2714536
2014,490,1429,752884,2714536
2015,568,1713,743268,2718106
2020,721,1265,645023,2736028
2013,614,1265,781326,2710970
2020,831,1971,770211,2736028
2012,639,1240,708057,2707410
2025,619,1966,704775,2754068
2012,569,1885,733243,2707410
2016,613,1009,648297,2721681
2017,584,1428,701801,2725261
2017,670,2177,570856,2725261
2014,695,1307,752587,2714536
2018,521,1514,606310,2728845
2020,466,1884,790205,2736028
2022,416,2013,680192,2743230
2023,650,1599,687299,2746837
2021,489,1460,662335,2739626
2019,384,2268,682717,2732434
2017,638,2395,785111,2725261
2023,849,2091,550731,2746837
2019,599,1734,776617,2732434
2023,683,1376,720281,2746837
2016,608,1367,627578,2721681
2019,590,1909,635481,2732434
2021,691,1867,800583,2739626
2023,570,2260,643269,2746837
2015,626,1960,630798,2718106
2021,632,1098,768238,2739626
2019,533,2120,720313,2732434
2021,699,1300,643724,2739626
2023,582,1546,712997,2746837
2013,524,1800,638454,2710970
2023,653,2498,766049,2746837
2023,510,2943,763682,2746837
2016,602,1942,731920,2721681
2020,599,1626,721699,2736028
2015,708,1913,805671,2718106
2022,647,2055,699981,2743230
2017,597,1571,629087,2725261
2012,681,2418,726968,2707410
2020,739,1792,825162,2736028
2012,655,1899,639114,2707410
2016,601,1966,678312,2721681
2015,468,1868,724986,2718106
2024,493,2035,696765,2750450
2023,569,1453,641061,2746837
2024,539,1476,767311,2750450
2024,581,1259,839202,2750450
2025,605,1875,711767,2754068
2014,652,2011,645755,2714536
2024,592,1883,607062,2750450
2017,648,2369,715478,2725261
2013,606,1697,766232,2710970
2014,402,1967,728510,2714536
2016,506,1263,699855,2721681
2020,585,1545,664643,2736028
2013,479,1978,634470,2710970
2021,659,2039,750085,2739626
2019,753,1582,754826,2732434
2025,721,1671,607256,2754068
2013,578,1092,795390,2710970
2022,749,1557,734444,2743230
2024,614,2056,783975,2750450
2016,566,1930,619472,2721681
2018,538,1900,618050,2728845
2019,569,1719,691061,2732434
2012,561,1702,730167,2707410
2017,617,1435,807781,2725261
2012,616,1979,742364,2707410
2013,600,1868,685439,2710970
2012,643,1896,638417,2707410
2022,719,1489,773800,2743230
2016,694,838,642117,2721681
2021,451,2138,797708,2739626
2020,344,1508,682936,2736028
2017,693,1354,795434,2725261
2022,463,1977,740735,2743230
2022,577,1543,691780,2743230
2012,482,2123,668836,2707410
2024,419,1946,679545,2750450
2012,654,1973,725699,2707410
2013,675,1153,704629,2710970
2020,542,2184,664371,2736028
2014,340,1804,690062,2714536
2012,545,1552,704714,2707410
2016,639,1757,572275,2721681
2018,452,989,727490,2728845
2017,618,1863,641216,2725261
2023,598,1288,630800,2746837
2012,657,1158,598759,2707410
2016,611,1091,592366,2721681
2016,502,2145,618673,2721681
2017,719,1448,657458,2725261
2014,584,2313,817195,2714536
2016,597,1485,668447,2721681
2018,506,1017,710665,2728845
2016,555,1253,724028,2721681
2016,511,2194,707863,2721681
2016,582,1637,695353,2721681
2021,771,1480,628282,2739626
2021,462,1764,787055,2739626
2014,438,1900,808431,2714536
2012,747,2146,599040,2707410
2016,579,2279,638558,2721681
2025,533,1556,683211,2754068
2020,703,1169,642127,2736028
2025,539,1534,730357,2754068
2012,782,1804,656303,2707410
2014,667,1314,829903,2714536
2024,551,1317,771432,2750450
2024,815,1837,712754,2750450
2015,539,1680,761619,2718106
2025,674,1713,766354,2754068
2012,629,1396,666163,2707410
2012,730,1607,651026,2707410
2019,756,1330,704688,2732434
2013,603,2056,751698,2710970
2023,524,2114,708343,2746837
2019,645,961,605380,2732434
2018,532,1328,651830,2728845
2021,801,1101,695561,2739626
2021,613,1439,695460,2739626
2013,563,1666,818352,2710970
2017,618,1120,616840,2725261
2017,465,1331,730335,2725261
2014,502,1298,789346,2714536
2022,720,1782,836286,2743230
2013,534,1727,675736,2710970
2023,495,1411,729485,2746837
2012,653,1770,734185,2707410
2017,718,1481,711728,2725261
2023,671,1591,694069,2746837
2016,699,2369,726158,2721681
2025,524,2236,548065,2754068
2025,457,1180,740924,2754068
2022,750,2031,707570,2743230
2020,567,2024,686651,2736028
2012,574,1240,822811,2707410
2018,732,2027,659503,2728845
2016,655,2315,675815,2721681
2016,645,1250,819493,2721681
2025,816,1332,650076,2754068
2013,535,2107,666993,2710970
2022,692,1808,691178,2743230
2014,605,1920,750444,2714536
2018,626,1836,712468,2728845
2017,752,1856,622442,2725261
2023,650,1169,668069,2746837
2013,653,2118,663558,2710970
2017,707,2167,695366,2725261
2013,563,1608,725550,2710970
2013,516,1682,725092,2710970
2013,495,1087,593439,2710970
2025,403,1905,763836,2754068
2022,805,1928,715154,2743230
2014,489,1675,783071,2714536
2013,577,2149,726651,2710970
2015,572,1566,766079,2718106
2020,630,1925,727992,2736028
2017,681,1292,780773,2725261
2012,686,1690,731335,2707410
2019,541,1630,694125,2732434
2023,583,1790,836346,2746837
2025,628,1552,753342,2754068
2018,575,1647,734424,2728845
2021,760,2030,623421,2739626
